input,P,total,compute,distribute,collect
N10000_S500,sequential,0.00,0.00,0,0
N10000_S500,1,0.001613,0.000262,0.000024,0.000221
N10000_S500,2,0.002475,0.000184,0.000252,0.000987
N10000_S500,4,0.002960,0.000160,0.000228,0.001124
N10000_S500,8,0.024268,0.000083,0.013622,0.001830
N100000_S500,sequential,0.00,0.00,0,0
N100000_S500,1,0.012420,0.001783,0.000423,0.000251
N100000_S500,2,0.012522,0.000949,0.001052,0.001154
N100000_S500,4,0.016131,0.000765,0.001730,0.001028
N100000_S500,8,0.049710,0.000323,0.031105,0.005335
N1000000_S500,sequential,0.07,0.07,0,0
N1000000_S500,1,0.113183,0.016370,0.007202,0.000252
N1000000_S500,2,0.104459,0.008426,0.010003,0.001176
N1000000_S500,4,0.129758,0.006198,0.012395,0.001140
N1000000_S500,8,0.358726,0.002247,0.231063,0.015244
