input,num_mappers,combiner,map_s,shuffle1_s,combine_s,reduce_s,total_s
A_400.txt,8,1,60.697844,72.932601,52.901957,.400365,186.935339
sample.txt,1,1,.003624,.003816,.002438,.011412
sample.txt,2,1,.004838,.004865,.002101,.013417
sample.txt,4,1,.007376,.006974,.002031,.017912
sample.txt,8,1,.010692,.009426,.002048,.023879
sample.txt,4,0,.007702,.001592,.001991,.012825
sample.txt,4,1,.007303,.006942,.002076,.017847
in_1.txt,2,1,.004945,.004985,.002296,.013733
in_1.txt,2,0,.005075,.001583,.002277,.010461
in_1.txt,2,1,.005498,.005650,.002375,.015078
in_2.txt,3,1,.008032,.006985,.003025,.019565
in_2.txt,3,0,.007950,.001545,.003009,.014006
in_2.txt,3,1,.010274,.010617,.003016,.025456
in_3.txt,4,1,.017682,.010665,.004773,.034667
in_3.txt,4,0,.017482,.001615,.004718,.025347
in_3.txt,4,1,.029479,.029082,.004675,.064778
in_4.txt,1,1,.003941,.004045,.002386,.011934
in_4.txt,1,0,.004204,.001534,.002498,.009729
in_4.txt,1,1,.004695,.005131,.002505,.013966
in_5.txt,2,1,.005394,.005513,.002594,.015063
in_5.txt,2,0,.005477,.001618,.002516,.011136
in_5.txt,2,1,.006467,.006697,.002519,.017232
in_6.txt,3,1,.011073,.009039,.004251,.025909
in_6.txt,3,0,.010927,.001634,.004268,.018387
in_6.txt,3,1,.015120,.015824,.004257,.036794
A_400.txt,8,1,67.256672,96.271470,60.628677,.484672,224.644231
A_400.txt,16,1,68.423920,96.176051,60.172013,.480857,225.255751
sample.txt,1,1,.005152,.004719,.003657,.015241
sample.txt,2,1,.005029,.006040,.002395,.015148
sample.txt,4,1,.008515,.008326,.002191,.020734
sample.txt,8,1,.013556,.011382,.002247,.028861
sample.txt,4,0,.008390,.001673,.002312,.014051
sample.txt,4,1,.009969,.008072,.002252,.022036
in_1.txt,2,1,.005651,.005881,.002530,.015727
in_1.txt,2,0,.005604,.001683,.003258,.012199
in_1.txt,2,1,.006115,.006362,.002726,.016854
in_2.txt,3,1,.009103,.007962,.003336,.022117
in_2.txt,3,0,.009017,.001726,.004236,.016636
in_2.txt,3,1,.011828,.011729,.003331,.028539
in_3.txt,4,1,.019898,.012274,.005509,.039359
in_3.txt,4,0,.020086,.001771,.005418,.029021
in_3.txt,4,1,.035976,.034064,.005442,.077110
in_4.txt,1,1,.004536,.004577,.002669,.013455
in_4.txt,1,0,.004573,.001669,.002675,.010589
in_4.txt,1,1,.005442,.005627,.002626,.015472
in_5.txt,2,1,.006278,.005968,.002868,.016769
in_5.txt,2,0,.006209,.001750,.002756,.012400
in_5.txt,2,1,.007748,.007382,.002758,.019534
in_6.txt,3,1,.012407,.010331,.005267,.029701
in_6.txt,3,0,.012432,.002022,.004749,.020889
in_6.txt,3,1,.017943,.017900,.004788,.042306
A_400.txt,8,1,67.813005,96.651203,60.261474,.472672,225.201109
A_400.txt,16,1,68.389185,96.587731,60.325842,.479906,225.785580
sample.txt,1,1,.004119,.004655,.002668,.013098
sample.txt,2,1,.004954,.005238,.002223,.014127
sample.txt,4,1,.009102,.008748,.002224,.021746
sample.txt,8,1,.012234,.011001,.002218,.027103
sample.txt,4,0,.008273,.001701,.002219,.013821
sample.txt,4,1,.008180,.007844,.002315,.019989
in_1.txt,2,1,.005609,.005928,.002711,.015913
in_1.txt,2,0,.005472,.001735,.002518,.011374
in_1.txt,2,1,.006053,.006657,.002619,.016957
in_2.txt,3,1,.008976,.008645,.003838,.023086
in_2.txt,3,0,.010122,.001977,.004186,.018236
in_2.txt,3,1,.011829,.011518,.003412,.028462
in_3.txt,4,1,.019648,.012087,.005401,.038791
in_3.txt,4,0,.020289,.001781,.005400,.029909
in_3.txt,4,1,.035629,.032734,.005325,.075357
in_4.txt,1,1,.004487,.004396,.002781,.013313
in_4.txt,1,0,.004475,.001674,.002752,.010557
in_4.txt,1,1,.005359,.005633,.003044,.015721
in_5.txt,2,1,.006144,.005867,.002780,.016464
in_5.txt,2,0,.006114,.001695,.002745,.012241
in_5.txt,2,1,.007379,.008390,.002771,.020695
in_6.txt,3,1,.012236,.010174,.004767,.028879
in_6.txt,3,0,.012257,.001705,.004740,.020372
in_6.txt,3,1,.017478,.018744,.004731,.042615
A_400.txt,8,1,315.654778,98.793400,62.067876,1.257579,477.776825
A_400.txt,16,1,612.033600,97.204088,61.747855,.476275,771.464974
sample.txt,1,1,.004676,.005561,.003798,.015961
sample.txt,2,1,.005234,.005639,.002569,.015285
sample.txt,4,1,.007110,.007501,.002472,.019463
sample.txt,8,1,.011776,.007380,.002565,.023660
sample.txt,4,0,.007197,.001984,.002419,.013468
sample.txt,4,1,.006818,.007072,.002505,.018345
in_1.txt,2,1,.005142,.005232,.002725,.014888
in_1.txt,2,0,.004691,.001854,.002770,.011116
in_1.txt,2,1,.005823,.005948,.002765,.016335
in_2.txt,3,1,.007426,.008813,.003594,.022208
in_2.txt,3,0,.007773,.002266,.004196,.016442
in_2.txt,3,1,.010093,.011198,.003516,.026576
in_3.txt,4,1,.012620,.008075,.005621,.028171
in_3.txt,4,0,.012314,.001966,.005751,.021893
in_3.txt,4,1,.020523,.029568,.005530,.057875
in_4.txt,1,1,.004848,.004796,.002900,.014386
in_4.txt,1,0,.004800,.001852,.002945,.011408
in_4.txt,1,1,.006079,.006146,.002865,.017491
in_5.txt,2,1,.005680,.006218,.004223,.018984
in_5.txt,2,0,.005718,.001841,.003460,.013192
in_5.txt,2,1,.006919,.007702,.002962,.019427
in_6.txt,3,1,.010216,.007881,.004939,.024941
in_6.txt,3,0,.011774,.002145,.004960,.021423
in_6.txt,3,1,.016939,.012857,.004955,.036789
A_400.txt,8,1,11.771277,96.857414,60.322358,.471960,169.426023
A_400.txt,16,1,5.744461,100.711055,58.056011,.473893,164.988454
sample.txt,1,1,.004518,.004335,.002448,.013205
sample.txt,2,1,.005448,.005252,.002467,.015061
sample.txt,4,1,.006410,.007507,.002479,.018293
sample.txt,8,1,.009238,.008677,.002570,.022300
sample.txt,4,0,.006608,.001861,.002469,.012812
sample.txt,4,1,.007353,.007454,.002373,.019085
in_1.txt,2,1,.005167,.005431,.002764,.015189
in_1.txt,2,0,.005344,.001903,.002742,.011851
in_1.txt,2,1,.005787,.005942,.002675,.016269
in_2.txt,3,1,.007122,.009102,.003574,.021844
in_2.txt,3,0,.008497,.002081,.003567,.015939
in_2.txt,3,1,.011001,.011173,.003882,.027882
in_3.txt,4,1,.019347,.008450,.005640,.035267
in_3.txt,4,0,.015458,.001982,.005606,.024947
in_3.txt,4,1,.020425,.019739,.005554,.047584
in_4.txt,1,1,.004826,.004783,.002910,.014390
in_4.txt,1,0,.004859,.001913,.002878,.011477
in_4.txt,1,1,.005858,.005998,.003474,.017147
in_5.txt,2,1,.005681,.005622,.002948,.016135
in_5.txt,2,0,.005671,.001847,.002972,.012303
in_5.txt,2,1,.006857,.007206,.003095,.018968
in_6.txt,3,1,.011540,.009862,.004971,.028209
in_6.txt,3,0,.011514,.001905,.004956,.020176
in_6.txt,3,1,.016329,.017390,.004955,.040473
A_400.txt,8,1,3.128410,.265314,.778655,.459101,4.634793
A_400.txt,16,1,1.665579,.278112,.759924,.459971,3.167686
sample.txt,1,1,.007502,.005809,.003336,.018666
sample.txt,2,1,.005069,.005183,.002848,.015351
sample.txt,4,1,.007178,.007617,.002970,.020157
sample.txt,8,1,.009937,.007772,.002976,.022717
sample.txt,4,0,.008469,.002178,.002947,.015552
sample.txt,4,1,.007649,.008063,.002945,.020963
in_1.txt,2,1,.005528,.005752,.003164,.016750
in_1.txt,2,0,.005488,.002364,.003113,.013261
in_1.txt,2,1,.005932,.005899,.003094,.017169
in_2.txt,3,1,.007681,.007249,.003881,.021073
in_2.txt,3,0,.007971,.002438,.004059,.016745
in_2.txt,3,1,.009428,.009471,.004082,.025126
in_3.txt,4,1,.012713,.010694,.006309,.031953
in_3.txt,4,0,.013282,.002397,.005976,.024052
in_3.txt,4,1,.020342,.020369,.006619,.049729
in_4.txt,1,1,.005531,.005799,.003214,.016713
in_4.txt,1,0,.005436,.002787,.003790,.014418
in_4.txt,1,1,.007290,.006968,.003447,.019863
in_5.txt,2,1,.006041,.007060,.003965,.019274
in_5.txt,2,0,.006027,.002107,.003170,.013202
in_5.txt,2,1,.007875,.007728,.003426,.021001
in_6.txt,3,1,.010118,.008768,.005739,.027172
in_6.txt,3,0,.009696,.002081,.005514,.019341
in_6.txt,3,1,.013887,.014381,.005722,.036518
A_400.txt,8,1,2.964116,.345718,.938960,.547345,4.799533
A_400.txt,16,1,1.631718,.262920,.761001,.470224,3.129630
sample.txt,1,1,.005346,.005618,.003378,.016752
sample.txt,2,1,.005770,.006990,.003746,.018594
sample.txt,4,1,.007675,.006997,.003477,.020650
sample.txt,8,1,.011471,.010840,.003394,.027909
sample.txt,4,0,.009570,.002305,.003982,.018123
sample.txt,4,1,.007889,.010281,.007541,.027776
in_1.txt,2,1,.012823,.014340,.011875,.041062
in_1.txt,2,0,.005778,.002513,.003407,.014784
in_1.txt,2,1,.006751,.006538,.003001,.018336
in_2.txt,3,1,.008338,.008999,.004229,.023967
in_2.txt,3,0,.007832,.002141,.003811,.015888
in_2.txt,3,1,.010413,.010616,.004458,.027646
in_3.txt,4,1,.011910,.008769,.005863,.028446
in_3.txt,4,0,.012929,.002186,.006938,.024132
in_3.txt,4,1,.019820,.019950,.006182,.048018
in_4.txt,1,1,.005216,.005366,.002990,.015508
in_4.txt,1,0,.005791,.002064,.003377,.013718
in_4.txt,1,1,.006346,.007019,.003725,.019217
in_5.txt,2,1,.006785,.006087,.003263,.018228
in_5.txt,2,0,.005773,.002115,.003307,.013235
in_5.txt,2,1,.006550,.008288,.003522,.020990
in_6.txt,3,1,.010393,.008841,.005788,.027173
in_6.txt,3,0,.009166,.002216,.005869,.019551
in_6.txt,3,1,.013735,.014292,.005506,.036105
A_400.txt,8,1,2.809932,.247936,.722822,.422074,4.205701
A_400.txt,16,1,1.549754,.251444,.721372,.422803,2.948520
sample.txt,1,1,.004564,.005415,.003688,.015483
sample.txt,2,1,.004984,.006070,.002656,.015624
sample.txt,4,1,.006073,.007041,.002505,.017405
sample.txt,8,1,.008849,.009644,.002494,.022932
sample.txt,4,0,.006165,.002001,.002570,.013227
sample.txt,4,1,.006762,.006184,.002522,.017435
in_1.txt,2,1,.004982,.006450,.002964,.016327
in_1.txt,2,0,.004991,.001907,.002788,.011600
in_1.txt,2,1,.005779,.006995,.002851,.017823
in_2.txt,3,1,.007958,.007887,.003654,.021413
in_2.txt,3,0,.008592,.002027,.003697,.016268
in_2.txt,3,1,.008978,.011036,.003605,.025419
in_3.txt,4,1,.011857,.008923,.005568,.028169
in_3.txt,4,0,.012393,.001895,.005579,.021681
in_3.txt,4,1,.019180,.019400,.005522,.045902
in_4.txt,1,1,.004873,.005762,.002848,.015311
in_4.txt,1,0,.005149,.002008,.003083,.012160
in_4.txt,1,1,.006510,.006829,.003042,.018299
in_5.txt,2,1,.005893,.006148,.003164,.017135
in_5.txt,2,0,.005450,.001997,.003178,.012518
in_5.txt,2,1,.005849,.007297,.003216,.018261
in_6.txt,3,1,.009780,.008466,.005577,.026226
in_6.txt,3,0,.009549,.001953,.005006,.018898
in_6.txt,3,1,.012575,.015004,.005126,.034585
