input,records,engine,workers,map_s,combine_s,reduce_s,total_s
10000,10000,sequential,1,0,0,0,0.00388352
10000,10000,mpi,1,0,0,0,0.002091
10000,10000,mpi,2,0,0,0,0.003339
10000,10000,mpi,4,0,0,0,0.004151
10000,10000,mpi,8,0,0,0,0.027509
10000,10000,mpi,16,0,0,0,0.055032
10000,10000,mapreduce,1,.089791,.074589,.066796,.219101
10000,10000,mapreduce,2,.097707,.085448,.068638,.249037
10000,10000,mapreduce,4,.106240,.088222,.059052,.262665
10000,10000,mapreduce,8,.213899,.203995,.074446,.494705
10000,10000,mapreduce,16,.220861,.205470,.078487,.502335
100000,100000,sequential,1,0,0,0,0.0133261
100000,100000,mpi,1,0,0,0,0.015550
100000,100000,mpi,2,0,0,0,0.016404
100000,100000,mpi,4,0,0,0,0.022324
100000,100000,mpi,8,0,0,0,0.062369
100000,100000,mpi,16,0,0,0,0.095871
100000,100000,mapreduce,1,.181715,.075092,.067670,.329529
100000,100000,mapreduce,2,.154434,.089252,.055237,.300809
100000,100000,mapreduce,4,.131379,.099084,.072539,.302291
100000,100000,mapreduce,8,.243191,.208341,.080181,.518786
100000,100000,mapreduce,16,.237542,.217369,.092358,.555250
1000000,1000000,sequential,1,0,0,0,0.106408
1000000,1000000,mpi,1,0,0,0,0.143535
1000000,1000000,mpi,2,0,0,0,0.130721
1000000,1000000,mpi,4,0,0,0,0.188609
1000000,1000000,mpi,8,0,0,0,0.413340
1000000,1000000,mpi,16,0,0,0,0.526063
1000000,1000000,mapreduce,1,1.123491,.094306,.068989,1.288175
1000000,1000000,mapreduce,2,.720034,.092539,.070373,.895425
1000000,1000000,mapreduce,4,.412914,.101546,.075786,.583495
1000000,1000000,mapreduce,8,.501762,.211866,.068366,.788595
1000000,1000000,mapreduce,16,.360385,.221669,.105228,.688265
