records,workers,batch_size,rep,elapsed_s,recs_per_s,query_latency_ms
100000,1,1000,1,1.050,95213,
100000,1,1000,2,1.124,88973,
100000,1,1000,3,1.104,90564,
100000,1,4000,1,0.934,107013,
100000,1,4000,2,0.918,108897,
100000,1,4000,3,1.112,89948,
100000,1,16000,1,1.164,85903,
100000,1,16000,2,0.994,100595,
100000,1,16000,3,0.960,104152,
100000,2,1000,1,0.870,114938,
100000,2,1000,2,0.901,110942,
100000,2,1000,3,0.953,104914,
100000,2,4000,1,0.878,113942,
100000,2,4000,2,0.879,113779,
100000,2,4000,3,0.953,104975,
100000,2,16000,1,1.132,88328,
100000,2,16000,2,1.163,85971,
100000,2,16000,3,0.975,102533,
100000,4,1000,1,1.218,82132,
100000,4,1000,2,1.020,98044,
100000,4,1000,3,1.246,80250,
100000,4,4000,1,1.045,95714,
100000,4,4000,2,1.114,89735,
100000,4,4000,3,1.025,97515,
100000,4,16000,1,1.172,85357,
100000,4,16000,2,1.259,79443,
100000,4,16000,3,1.611,62092,
100000,8,1000,1,1.354,73857,
100000,8,1000,2,1.201,83276,
100000,8,1000,3,1.383,72312,
100000,8,4000,1,1.492,67008,
100000,8,4000,2,1.324,75519,
100000,8,4000,3,1.095,91364,
100000,8,16000,1,1.326,75408,
100000,8,16000,2,1.384,72273,
100000,8,16000,3,1.551,64477,
1000000,1,1000,1,8.437,118530,
1000000,1,1000,2,8.297,120532,
1000000,1,1000,3,8.152,122670,
1000000,1,4000,1,6.403,156166,
1000000,1,4000,2,6.432,155470,
1000000,1,4000,3,6.391,156474,
1000000,1,16000,1,6.021,166086,
1000000,1,16000,2,6.018,166156,
1000000,1,16000,3,6.266,159583,
1000000,2,1000,1,6.396,156339,
1000000,2,1000,2,6.345,157599,
1000000,2,1000,3,6.383,156667,
1000000,2,4000,1,5.776,173126,
1000000,2,4000,2,5.917,169011,
1000000,2,4000,3,6.889,145167,
1000000,2,16000,1,6.312,158431,
1000000,2,16000,2,6.230,160510,
1000000,2,16000,3,6.305,158607,
1000000,4,1000,1,6.675,149817,
1000000,4,1000,2,7.143,139989,
1000000,4,1000,3,8.277,120814,
1000000,4,4000,1,6.681,149684,
1000000,4,4000,2,6.753,148073,
1000000,4,4000,3,8.377,119375,
1000000,4,16000,1,6.977,143325,
1000000,4,16000,2,6.971,143443,
1000000,4,16000,3,7.190,139085,
1000000,8,1000,1,8.072,123881,
1000000,8,1000,2,7.990,125158,
1000000,8,1000,3,8.653,115570,
1000000,8,4000,1,8.422,118739,
1000000,8,4000,2,6.174,161979,
1000000,8,4000,3,5.780,173019,
1000000,8,16000,1,6.091,164181,
1000000,8,16000,2,6.014,166282,
1000000,8,16000,3,6.057,165092,
